지점,지점명,일시,기온(°C),기온 QC플래그,강수량(mm),강수량 QC플래그,풍속(m/s),풍속 QC플래그,풍향(16방위),풍향 QC플래그,습도(%),습도 QC플래그,증기압(hPa),이슬점온도(°C),현지기압(hPa),현지기압 QC플래그,해면기압(hPa),해면기압 QC플래그,일조(hr),일조 QC플래그,일사(MJ/m2),일사 QC플래그,적설(cm),3시간신적설(cm),전운량(10분위),중하층운량(10분위),운형(운형약어),최저운고(100m ),시정(10m),지면상태(지면상태코드),현상번호(국내식),지면온도(°C),지면온도 QC플래그,5cm 지중온도(°C),10cm 지중온도(°C),20cm 지중온도(°C),30cm 지중온도(°C)
115,울릉도,2026-06-17 01:00,20.3,,,,2.6,,250,,86,,20.4,17.8,989.5,,1015,,,9,,9,,,0,0,,,2983,,,18.9,,22,23,24.1,22.6
115,울릉도,2026-06-17 02:00,20.2,,,,2.9,,250,,85,,20,17.5,989.2,,1014.7,,,9,,9,,,0,0,,,3432,,,18.1,,21.6,22.7,23.9,22.6
115,울릉도,2026-06-17 03:00,20,,,,3.3,,230,,83,,19.4,17,988.9,,1014.5,,,9,,9,,,0,0,,,4267,,,17.4,,21.2,22.4,23.8,22.5
115,울릉도,2026-06-17 04:00,20,,,,2.6,,230,,86,,20,17.5,988.7,,1014.2,,,9,,9,,,0,0,,,3357,,,17.5,,21,22.1,23.6,22.5
115,울릉도,2026-06-17 05:00,20,,,,2.8,,250,,85,,19.7,17.3,988.8,,1014.4,,0,,0,,,,0,0,,,3833,,,17.5,,20.9,21.9,23.4,22.4
115,울릉도,2026-06-17 06:00,20.5,,,,3.2,,230,,86,,20.6,18,989,,1014.5,,.7,,.17,,,,0,0,,,3845,,,19.1,,20.9,21.7,23.2,22.3
115,울릉도,2026-06-17 07:00,21.4,,,,2.3,,200,,87,,22.1,19.1,988.6,,1014,,1,,.74,,,,0,0,,,3037,,,27,,21.3,21.6,23.1,22.3
115,울릉도,2026-06-17 08:00,22.8,,,,.2,,0,,83,,22.9,19.7,988.5,,1013.8,,1,,1.4,,,,0,0,,,3758,,,36.2,,22.2,21.7,23,22.2
115,울릉도,2026-06-17 09:00,23.9,,,,2,,200,,81,,24,20.4,988.5,,1013.7,,1,,2.04,,,,0,0,,,4468,,,44.9,,23.4,22.1,22.9,22.1
115,울릉도,2026-06-17 10:00,24.4,,,,3.1,,200,,80,,24.4,20.7,988.7,,1013.8,,1,,2.6,,,,0,0,,,4257,,,51.3,,24.6,22.6,23,22.1
115,울릉도,2026-06-17 11:00,25,,,,2.7,,200,,74,,23.4,20,988.3,,1013.4,,1,,3,,,,0,0,,,4831,,,55.9,,25.8,23.3,23.1,22
115,울릉도,2026-06-17 12:00,25.6,,,,2.8,,180,,75,,24.6,20.8,988.2,,1013.2,,1,,3.29,,,,0,0,,,5000,,,58.8,,27.4,24.3,23.3,22
115,울릉도,2026-06-17 13:00,26.2,,,,3.8,,200,,69,,23.4,20,987.8,,1012.7,,1,,3.29,,,,6,0,,,5000,,,58.4,,28.5,25.3,23.7,22
115,울릉도,2026-06-17 14:00,27.1,,,,3.3,,200,,66,,23.5,20.1,987.3,,1012.1,,1,,3.22,,,,4,0,,,5000,,,57,,29.4,26.2,24,22.1
115,울릉도,2026-06-17 15:00,26.9,,,,4.1,,200,,62,,21.8,18.9,986.9,,1011.7,,1,,2.73,,,,4,0,,,5000,,,45.8,,29,26.8,24.4,22.2
115,울릉도,2026-06-17 16:00,26.9,,,,3.6,,230,,65,,22.9,19.7,986.6,,1011.4,,1,,2.33,,,,3,0,,,5000,,,38.2,,28.3,27,24.8,22.4
115,울릉도,2026-06-17 17:00,26.1,,,,3.1,,200,,73,,24.6,20.8,985.8,,1010.7,,1,,1.79,,,,0,0,,,5000,,,31.3,,27.5,27,25.1,22.5
115,울릉도,2026-06-17 18:00,25.1,,,,3.8,,230,,71,,22.5,19.4,985.6,,1010.6,,1,,1.13,,,,0,0,,,5000,,,28.4,,26.4,26.7,25.3,22.7
115,울릉도,2026-06-17 19:00,23,,,,2.8,,230,,73,,20.4,17.8,985.6,,1010.8,,.4,,.39,,,,3,3,,37,5000,,,25.1,,25.3,26.2,25.4,22.8
115,울릉도,2026-06-17 20:00,22.3,,,,3.3,,230,,82,,22,19,985.6,,1010.8,,0,,.03,,,,8,0,,,4670,,,22.9,,24.4,25.7,25.4,23
115,울릉도,2026-06-17 21:00,21.7,,,,3.4,,230,,79,,20.4,17.8,985.7,,1011,,,9,,9,,,6,0,,,5000,,,21.5,,23.7,25.1,25.4,23.1
115,울릉도,2026-06-17 22:00,21.5,,,,4,,230,,80,,20.4,17.8,985.9,,1011.2,,,9,,9,,,7,0,,,5000,,,21.1,,23.3,24.7,25.2,23.1
115,울릉도,2026-06-17 23:00,21.6,,,,4.5,,200,,85,,21.8,18.9,985.5,,1010.8,,,9,,9,,,10,7,,38,4874,,,21.5,,23.1,24.3,25.1,23.2
115,울릉도,2026-06-18 00:00,21.9,,0,,5.7,,230,,83,,21.7,18.8,984.8,,1010.1,,,9,,9,,,10,3,,,5000,,01,20.9,,22.8,23.9,24.9,23.2
130,울진,2026-06-17 01:00,19,,,,1.8,,250,,80,,17.5,15.4,1008.4,,1014.1,,,9,,9,,,0,0,,,4642,,,19.2,,,,,
130,울진,2026-06-17 02:00,18.7,,,,1.4,,250,,80,,17.2,15.1,1008.2,,1014,,,9,,9,,,0,0,,,4835,,,18.9,,,,,
130,울진,2026-06-17 03:00,19.5,,,,2.2,,230,,76,,17.2,15.1,1007.7,,1013.4,,,9,,9,,,0,0,,,4988,,,18.7,,,,,
130,울진,2026-06-17 04:00,19.3,,,,2.3,,200,,78,,17.4,15.3,1007.4,,1013.1,,,9,,9,,,0,0,,,4803,,,18.4,,,,,
130,울진,2026-06-17 05:00,18.8,,,,2.1,,250,,83,,17.9,15.8,1007.6,,1013.3,,,9,,9,,,0,0,,,4838,,,18.1,,,,,
130,울진,2026-06-17 06:00,20.2,,,,1.6,,270,,79,,18.6,16.4,1007.6,,1013.3,,.7,,,9,,,0,0,,,4975,,,19.1,,,,,
130,울진,2026-06-17 07:00,22.5,,,,1.8,,90,,81,,22,19,1007.8,,1013.5,,1,,,9,,,0,0,,,2151,,,23.5,,,,,
130,울진,2026-06-17 08:00,24,,,,1.6,,70,,74,,22,19,1007.6,,1013.2,,1,,,9,,,0,0,,,2175,,,29.2,,,,,
130,울진,2026-06-17 09:00,23.3,,,,2.9,,90,,79,,22.5,19.4,1008.1,,1013.8,,1,,,9,,,1,0,,,1283,,,34.4,,,,,
130,울진,2026-06-17 10:00,23.1,,,,2.2,,70,,79,,22.2,19.2,1007.8,,1013.5,,.9,,,9,,,6,3,,3,1195,,,37.8,,,,,
130,울진,2026-06-17 11:00,24.1,,,,2.6,,70,,76,,22.7,19.5,1007.4,,1013,,1,,,9,,,6,1,,3,1742,,,43.3,,,,,
130,울진,2026-06-17 12:00,22.7,,,,3.7,,70,,82,,22.5,19.4,1007.2,,1012.9,,.8,,,9,,,6,1,,41,1268,,,45.5,,,,,
130,울진,2026-06-17 13:00,23.1,,,,2.7,,110,,84,,23.7,20.2,1007,,1012.6,,.9,,,9,,,5,1,,76,1472,,,46.6,,,,,
130,울진,2026-06-17 14:00,24.2,,,,2.9,,110,,83,,25,21.1,1006.1,,1011.7,,.8,,,9,,,6,3,,30,2815,,,45.9,,,,,
130,울진,2026-06-17 15:00,24.7,,,,2.8,,110,,80,,24.9,21,1005.6,,1011.2,,1,,,9,,,3,0,,,3744,,,44.7,,,,,
130,울진,2026-06-17 16:00,24.8,,,,2,,180,,80,,25,21.1,1005,,1010.6,,1,,,9,,,1,0,,,2694,,,42,,,,,
130,울진,2026-06-17 17:00,23.4,,,,1.5,,180,,86,,24.7,20.9,1004.1,,1009.7,,.6,,,9,,,8,6,,38,2954,,,34.2,,,,,
130,울진,2026-06-17 18:00,22.8,,,,1.5,,270,,88,,24.4,20.7,1003.9,,1009.5,,.3,,,9,,,6,6,,38,2690,,,30.1,,,,,
130,울진,2026-06-17 19:00,22.2,,,,1.3,,320,,91,,24.3,20.6,1003.8,,1009.4,,0,,,9,,,9,9,,40,2335,,,27.4,,,,,
130,울진,2026-06-17 20:00,21.7,,,,1.3,,230,,92,,23.8,20.3,1003.9,,1009.6,,0,,,9,,,10,10,,37,2605,,,25.5,,,,,
130,울진,2026-06-17 21:00,21.3,,0,,1.6,,230,,93,,23.5,20.1,1004.1,,1009.8,,,9,,9,,,10,2,,19,2049,,,23.6,,,,,
130,울진,2026-06-17 22:00,21.4,,7.6,,1.6,,160,,96,,24.4,20.7,1004.7,,1010.4,,,9,,9,,,10,5,,8,738,,,23,,,,,
130,울진,2026-06-17 23:00,20.8,,.7,,2.2,,180,,97,,23.8,20.3,1004.2,,1009.9,,,9,,9,,,10,0,,,467,,,22.3,,,,,
130,울진,2026-06-18 00:00,21.4,,.2,,2,,180,,98,,24.9,21,1004,,1009.7,,,9,,9,,,10,0,,,844,,,22.3,,,,,
136,안동,2026-06-17 01:00,20.3,,,,.2,,0,,72,,17,15,998.6,,1015,,,9,,9,,,0,0,,,5000,,,20.1,,,,,
136,안동,2026-06-17 02:00,19.5,,,,.2,,0,,77,,17.4,15.3,998.5,,1015,,,9,,9,,,0,0,,,5000,,,19.3,,,,,
136,안동,2026-06-17 03:00,19.2,,,,0,,0,,77,,17,15,998.1,,1014.6,,,9,,9,,,0,0,,,5000,,,19,,,,,
136,안동,2026-06-17 04:00,18.3,,,,0,,0,,84,,17.6,15.5,998.1,,1014.6,,,9,,9,,,0,0,,,4375,,,18.3,,,,,
136,안동,2026-06-17 05:00,18.1,,,,1,,90,,82,,16.9,14.9,998.3,,1014.8,,,9,,9,,,0,0,,,4517,,,18.1,,,,,
136,안동,2026-06-17 06:00,18.4,,,,0,,0,,81,,17,15,998.3,,1014.8,,.1,,.08,,,,6,0,,,4493,,,19.2,,,,,
136,안동,2026-06-17 07:00,20.3,,,,1,,140,,76,,18.1,15.9,997.8,,1014.2,,.9,,.68,,,,0,0,,,4902,,,25,,,,,
136,안동,2026-06-17 08:00,23.5,,,,1.1,,200,,67,,19.4,17,997.5,,1013.7,,1,,1.41,,,,7,7,,35,4983,,,36,,,,,
136,안동,2026-06-17 09:00,24.8,,,,1.9,,110,,64,,20,17.5,997.5,,1013.6,,.8,,1.93,,,,6,1,,31,5000,,,41.5,,,,,
136,안동,2026-06-17 10:00,26.1,,,,.9,,110,,57,,19.2,16.9,997.3,,1013.3,,.5,,2.19,,,,7,2,,28,5000,,,45.6,,,,,
136,안동,2026-06-17 11:00,27.6,,,,1.7,,290,,54,,19.9,17.4,996.5,,1012.4,,.8,,2.89,,,,1,1,,28,5000,,,54.9,,,,,
136,안동,2026-06-17 12:00,29.7,,,,1,,140,,45,,18.6,16.4,995.6,,1011.4,,1,,3.5,,,,1,0,,,5000,,,58.5,,,,,
136,안동,2026-06-17 13:00,32,,,,1.2,,200,,38,,17.9,15.8,994.9,,1010.6,,1,,3.61,,,,2,0,,,5000,,,60.4,,,,,
136,안동,2026-06-17 14:00,31.8,,,,1.3,,340,,40,,18.8,16.5,994.1,,1009.8,,.8,,2.87,,,,8,4,,24,5000,,,55.3,,,,,
136,안동,2026-06-17 15:00,33,,,,2.4,,250,,37,,18.5,16.3,993.4,,1009,,1,,2.77,,,,7,2,,20,5000,,,53.1,,,,,
136,안동,2026-06-17 16:00,31.7,,,,1.9,,200,,42,,19.6,17.2,993.1,,1008.7,,.2,,1.2,,,,7,7,,20,5000,,,43,,,,,
136,안동,2026-06-17 17:00,31,,,,1.9,,200,,45,,20.1,17.6,992.7,,1008.4,,0,,.62,,,,8,5,,18,4174,,,37.5,,,,,
136,안동,2026-06-17 18:00,30.4,,,,1.9,,200,,48,,20.8,18.1,992.7,,1008.4,,0,,.18,,,,9,7,,18,4931,,,34,,,,,
136,안동,2026-06-17 19:00,29.7,,,,.8,,270,,52,,21.6,18.7,993.1,,1008.9,,0,,.08,,,,10,8,,17,5000,,,32,,,,,
136,안동,2026-06-17 20:00,22.9,,1.4,,3.4,,320,,82,,22.8,19.6,994.2,,1010.4,,0,,0,,,,10,10,,15,557,,1904,25.1,,,,,
136,안동,2026-06-17 21:00,22.8,,.8,,.8,,200,,89,,24.6,20.8,995,,1011.2,,,9,,9,,,10,9,,13,3354,,1904,24.7,,,,,
136,안동,2026-06-17 22:00,22,,2,,1.1,,290,,91,,24,20.4,995.5,,1011.7,,,9,,9,,,10,10,,11,556,,1904,24,,,,,
136,안동,2026-06-17 23:00,21.8,,2.5,,1,,320,,93,,24.3,20.6,995.2,,1011.5,,,9,,9,,,10,10,,2,769,,1904,23.7,,,,,
136,안동,2026-06-18 00:00,22,,2.4,,.1,,0,,94,,24.7,20.9,994.7,,1010.9,,,9,,9,,,9,9,,2,1910,,1904,23.7,,,,,
137,상주,2026-06-17 01:00,21.7,,,,.8,,320,,74,,19.1,16.8,1001.6,,1012.8,,,9,,9,,,0,0,,,4386,,,21.8,,,,,
137,상주,2026-06-17 02:00,21.1,,,,.7,,340,,76,,18.9,16.6,1001.7,,1012.9,,,9,,9,,,0,0,,,4449,,,21.2,,,,,
137,상주,2026-06-17 03:00,20.1,,,,.8,,320,,79,,18.5,16.3,1001.3,,1012.5,,,9,,9,,,0,0,,,4166,,,20.4,,,,,
137,상주,2026-06-17 04:00,19.6,,,,.9,,320,,80,,18.2,16,1001.3,,1012.5,,,9,,9,,,0,0,,,3969,,,19.7,,,,,
137,상주,2026-06-17 05:00,19.7,,,,0,,0,,80,,18.3,16.1,1001.5,,1012.7,,,9,,9,,,9,7,,29,4221,,,20.2,,,,,
137,상주,2026-06-17 06:00,20.4,,,,.5,,50,,76,,18.2,16,1001.5,,1012.7,,.1,,.06,,,,9,8,,27,3935,,,21.2,,,,,
137,상주,2026-06-17 07:00,21.3,,,,1,,70,,73,,18.4,16.2,1001.3,,1012.5,,.3,,.49,,,,6,6,,27,3687,,,23.2,,,,,
137,상주,2026-06-17 08:00,22.7,,,,.7,,20,,68,,18.6,16.4,1001.1,,1012.2,,.5,,1.11,,,,9,9,,27,3932,,,28.8,,,,,
137,상주,2026-06-17 09:00,25,,,,.8,,90,,63,,19.9,17.4,1001.3,,1012.3,,.8,,1.99,,,,7,4,,28,3307,,,36.9,,,,,
137,상주,2026-06-17 10:00,26.7,,,,.9,,110,,61,,21.3,18.5,1000.7,,1011.6,,.5,,2.22,,,,8,8,,28,3892,,,40.8,,,,,
137,상주,2026-06-17 11:00,28,,,,1.5,,20,,57,,21.4,18.6,1000,,1010.9,,.7,,2.49,,,,1,0,,,4035,,,45.8,,,,,
137,상주,2026-06-17 12:00,29.2,,,,1.1,,200,,53,,21.4,18.6,999.5,,1010.3,,1,,3.46,,,,1,0,,,4252,,,51.9,,,,,
137,상주,2026-06-17 13:00,30.8,,,,.7,,110,,49,,21.7,18.8,998.5,,1009.3,,1,,3.51,,,,6,0,,,4206,,,55,,,,,
137,상주,2026-06-17 14:00,30.9,,,,1,,50,,48,,21.4,18.6,997.9,,1008.7,,.5,,2.76,,,,7,0,,,4419,,,53.7,,,,,
137,상주,2026-06-17 15:00,31.8,,,,1.5,,230,,45,,21,18.3,997.2,,1007.9,,.3,,2.07,,,,7,2,,36,4432,,,50.6,,,,,
137,상주,2026-06-17 16:00,31.4,,,,1.5,,230,,47,,21.6,18.7,996.8,,1007.5,,.3,,1.7,,,,4,1,,17,4416,,,48,,,,,
137,상주,2026-06-17 17:00,30.2,,,,1,,230,,51,,21.8,18.9,996.3,,1007.1,,.2,,1.05,,,,9,1,,17,4868,,,41.8,,,,,
137,상주,2026-06-17 18:00,29.4,,,,.6,,200,,54,,22.1,19.1,996.2,,1007,,0,,.24,,,,10,7,,20,4869,,,36.4,,,,,
137,상주,2026-06-17 19:00,23.5,,1.1,,2.6,,290,,85,,24.6,20.8,997.5,,1008.5,,0,,0,,,,10,6,,16,1033,,,27.9,,,,,
137,상주,2026-06-17 20:00,22.5,,4.6,,.7,,180,,92,,25,21.1,998.1,,1009.2,,0,,0,,,,10,2,,3,232,,,25.3,,,,,
137,상주,2026-06-17 21:00,22.2,,2.4,,1,,230,,94,,25,21.1,998.5,,1009.6,,,9,,9,,,10,2,,4,371,,,24.7,,,,,
137,상주,2026-06-17 22:00,22.1,,7.5,,.6,,180,,95,,25.2,21.2,998.8,,1009.9,,,9,,9,,,10,3,,3,190,,,23.7,,,,,
137,상주,2026-06-17 23:00,21.7,,4,,.7,,290,,96,,24.9,21,998.3,,1009.4,,,9,,9,,,10,2,,,483,,,23.6,,,,,
137,상주,2026-06-18 00:00,22,,.3,,0,,0,,97,,25.5,21.4,998.2,,1009.3,,,9,,9,,,10,8,,,694,,,23.8,,,,,
138,포항,2026-06-17 01:00,21.7,,,,1.5,,250,,82,,21.2,18.4,1013.5,,1014,,,9,,9,,,0,0,,,2168,,,22.2,,24.5,25.7,25.5,24.6
138,포항,2026-06-17 02:00,20.9,,,,.2,,0,,80,,19.7,17.3,1013.2,,1013.7,,,9,,9,,,0,0,,,1809,,,21.2,,23.9,25.3,25.3,24.6
138,포항,2026-06-17 03:00,20.6,,,,.6,,340,,84,,20.2,17.7,1012.9,,1013.4,,,9,,9,,,0,0,,,3290,,,20.6,,23.3,24.9,25.1,24.5
138,포항,2026-06-17 04:00,20.1,,,,.8,,270,,84,,19.7,17.3,1012.5,,1013,,,9,,9,,,0,0,,,4099,,,20.1,,22.8,24.5,24.9,24.4
138,포항,2026-06-17 05:00,19.9,,,,.9,,270,,84,,19.5,17.1,1012.5,,1013,,,9,,9,,,0,0,,,4004,,,20,,22.4,24.2,24.7,24.3
138,포항,2026-06-17 06:00,19.9,,,,0,,0,,84,,19.5,17.1,1012.5,,1013,,.4,,.11,,,,0,0,,,3709,,,20.4,,22.2,23.9,24.5,24.2
138,포항,2026-06-17 07:00,21.3,,,,.6,,50,,85,,21.4,18.6,1012.6,,1013.1,,1,,.66,,,,3,0,,,2717,,,22.6,,22.7,23.6,24.3,24.2
138,포항,2026-06-17 08:00,22.2,,,,1.2,,360,,81,,21.6,18.7,1012.5,,1013,,.4,,.61,,,,8,8,,9,2197,,,24.6,,23.6,23.6,24.1,24.1
138,포항,2026-06-17 09:00,23.1,,,,1.8,,180,,75,,21.2,18.4,1012.5,,1013,,0,,.36,,,,8,8,,7,3593,,,25.5,,24,23.7,24,24
138,포항,2026-06-17 10:00,24,,,,1.6,,70,,77,,22.9,19.7,1011.8,,1012.3,,0,,.66,,,,8,8,,7,3456,,,28.8,,24.4,23.8,24,23.9
138,포항,2026-06-17 11:00,24.6,,,,2.6,,20,,73,,22.5,19.4,1011.8,,1012.3,,.1,,1.48,,,,9,9,,8,3986,,,33.3,,25.6,24.1,23.9,23.8
138,포항,2026-06-17 12:00,25.3,,,,2.7,,70,,74,,23.8,20.3,1011.5,,1012,,.4,,2.02,,,,8,8,,8,4059,,,36.2,,27.1,24.5,24,23.8
138,포항,2026-06-17 13:00,26.2,,,,4,,110,,69,,23.4,20,1010.7,,1011.1,,.3,,1.72,,,,9,9,,7,4473,,,37.3,,27.9,25.1,24.1,23.8
138,포항,2026-06-17 14:00,27.3,,,,3.5,,140,,65,,23.5,20.1,1010.1,,1010.5,,.4,,1.92,,,,8,4,,8,3946,,,38.3,,28.8,25.6,24.3,23.8
138,포항,2026-06-17 15:00,27.5,,,,3.2,,90,,64,,23.4,20,1009.9,,1010.3,,.3,,1.51,,,,8,4,,10,4014,,,36.4,,29.2,26.1,24.6,23.8
138,포항,2026-06-17 16:00,28.1,,,,5.7,,110,,61,,23.1,19.8,1008.7,,1009.1,,.9,,2.23,,,,2,2,,11,3681,,,40.2,,29.9,26.5,24.8,23.9
138,포항,2026-06-17 17:00,27.8,,,,4.8,,110,,61,,22.7,19.5,1008.3,,1008.7,,1,,1.86,,,,3,0,,,3999,,,39.4,,30.4,27,25,24
138,포항,2026-06-17 18:00,27.4,,,,4.3,,160,,60,,21.8,18.9,1008.4,,1008.8,,.9,,1.03,,,,8,3,,38,4559,,,34.7,,30.3,27.3,25.3,24.1
138,포항,2026-06-17 19:00,25.7,,,,5.1,,160,,65,,21.4,18.6,1008.7,,1009.1,,.1,,.3,,,,8,8,,35,4820,,,30.1,,29.3,27.4,25.5,24.2
138,포항,2026-06-17 20:00,25.1,,,,3.3,,160,,67,,21.3,18.5,1009,,1009.5,,0,,.03,,,,10,7,,29,3715,,,27.8,,28.2,27.2,25.6,24.3
138,포항,2026-06-17 21:00,25.1,,,,1.4,,230,,66,,20.9,18.2,1008.9,,1009.4,,,9,,9,,,10,7,,,4761,,,26.7,,27.3,26.9,25.7,24.3
138,포항,2026-06-17 22:00,25,,,,2.2,,230,,67,,21.2,18.4,1009.3,,1009.8,,,9,,9,,,10,10,,20,4917,,,26.2,,26.7,26.6,25.6,24.4
138,포항,2026-06-17 23:00,24.9,,,,2.1,,250,,67,,21,18.3,1009,,1009.5,,,9,,9,,,9,8,,27,4532,,,25.7,,26.2,26.3,25.6,24.4
138,포항,2026-06-18 00:00,24.5,,0,,1.6,,250,,69,,21.2,18.4,1009.1,,1009.6,,,9,,9,,,10,1,,,4874,,01,25.3,,25.8,26,25.4,24.4
271,봉화,2026-06-17 01:00,15.1,,,,.2,,0,,90,,15.4,13.4,977.8,,1015.8,,,9,,9,,,0,0,,,2778,,,17.1,,,,,
271,봉화,2026-06-17 02:00,14.3,,,,.4,,0,,91,,14.8,12.8,977.7,,1015.8,,,9,,9,,,0,0,,,2324,,,16.1,,,,,
271,봉화,2026-06-17 03:00,13.7,,,,.9,,320,,93,,14.5,12.5,977.4,,1015.6,,,9,,9,,,0,0,,,2037,,,15.4,,,,,
271,봉화,2026-06-17 04:00,13.4,,,,.3,,0,,94,,14.4,12.4,977.1,,1015.3,,,9,,9,,,0,0,,,1769,,,14.8,,,,,
271,봉화,2026-06-17 05:00,12.6,,,,0,,0,,96,,13.9,11.9,977.4,,1015.8,,,9,,9,,,0,0,,,1224,,,14.1,,,,,
271,봉화,2026-06-17 06:00,13.2,,,,0,,0,,95,,14.4,12.4,977.1,,1015.4,,0,,,9,,,0,0,,,1787,,,14.6,,,,,
271,봉화,2026-06-17 07:00,15.8,,,9,.2,,0,,84,,15,13,976.9,,1014.8,,.7,,,9,,,0,0,,,2987,,,18.7,,,,,
271,봉화,2026-06-17 08:00,19.8,,,,1,,160,,70,,16.1,14.1,976.3,,1013.6,,1,,,9,,,0,0,,,3717,,,26,,,,,
271,봉화,2026-06-17 09:00,23.6,,,,1.3,,160,,58,,16.8,14.8,976.2,,1012.9,,1,,,9,,,0,0,,,4585,,,32.9,,,,,
271,봉화,2026-06-17 10:00,26.3,,,,1.6,,90,,51,,17.4,15.3,975.8,,1012.1,,.8,,,9,,,3,3,,35,4767,,,38.3,,,,,
271,봉화,2026-06-17 11:00,27.2,,,,2.2,,160,,47,,16.9,14.9,975.4,,1011.6,,.8,,,9,,,4,4,,37,4598,,,41.8,,,,,
271,봉화,2026-06-17 12:00,29.3,,,,2.1,,180,,39,,15.9,13.9,974.6,,1010.5,,1,,,9,,,0,0,,,4938,,,47.3,,,,,
271,봉화,2026-06-17 13:00,29.9,,,,2,,140,,32,,13.5,11.4,974,,1009.8,,.6,,,9,,,9,8,,28,4748,,,45.7,,,,,
271,봉화,2026-06-17 14:00,30.3,,,,1.9,,270,,33,,14.2,12.2,973.1,,1008.8,,.8,,,9,,,5,3,,21,4566,,,47.3,,,,,
271,봉화,2026-06-17 15:00,29.5,,,,3.8,,140,,41,,16.8,14.8,972.6,,1008.4,,.3,,,9,,,6,1,,20,4814,,,41.2,,,,,
271,봉화,2026-06-17 16:00,28.9,,,,1.5,,90,,49,,19.5,17.1,972.4,,1008.3,,0,,,9,,,8,1,,20,4319,,,36.1,,,,,
271,봉화,2026-06-17 17:00,28.4,,,,2.3,,160,,52,,20,17.5,972.2,,1008.1,,0,,,9,,,8,8,,24,4281,,,34.9,,,,,
271,봉화,2026-06-17 18:00,27.7,,,,1.6,,160,,57,,21.2,18.4,972,,1008,,0,,,9,,,10,5,,17,3840,,,31.3,,,,,
271,봉화,2026-06-17 19:00,26.8,,0,,2.3,,160,,61,,21.4,18.6,972.2,,1008.3,,0,,,9,,,9,2,,17,3346,,,28.7,,,,,
271,봉화,2026-06-17 20:00,25,,,9,.8,,50,,71,,22.4,19.3,972.5,,1008.9,,0,,,9,,,10,4,,16,2312,,,27.2,,,,,
271,봉화,2026-06-17 21:00,21.4,,10.5,,1.4,,140,,91,,23.1,19.8,973.9,,1010.8,,,9,,9,,,10,8,,8,1486,,,23.2,,,,,
271,봉화,2026-06-17 22:00,20.9,,.7,,.6,,110,,96,,23.7,20.2,974.1,,1011.1,,,9,,9,,,10,3,,13,1096,,,22.6,,,,,
271,봉화,2026-06-17 23:00,19.9,,.5,,1.8,,290,,95,,22,19,974,,1011.1,,,9,,9,,,10,8,,1,2551,,,22.1,,,,,
271,봉화,2026-06-18 00:00,19.7,,0,,1,,290,,96,,22,19,973.8,,1011,,,9,,9,,,7,7,,,2841,,,21.6,,,,,
272,영주,2026-06-17 01:00,17.5,,,,.8,,320,,85,,16.9,14.9,990.1,,1014.8,,,9,,9,,,0,0,,,3318,,,19.7,,,,,
272,영주,2026-06-17 02:00,16.7,,,,1.3,,320,,89,,16.8,14.8,989.8,,1014.5,,,9,,9,,,0,0,,,2994,,,19,,,,,
272,영주,2026-06-17 03:00,16.1,,,,.9,,320,,93,,16.9,14.9,989.5,,1014.3,,,9,,9,,,0,0,,,2584,,,18.3,,,,,
272,영주,2026-06-17 04:00,15.8,,,,1.1,,340,,93,,16.6,14.6,989.4,,1014.2,,,9,,9,,,0,0,,,2723,,,17.8,,,,,
272,영주,2026-06-17 05:00,15.7,,,,1.2,,320,,93,,16.5,14.5,989.7,,1014.5,,,9,,9,,,0,0,,,2565,,,17.3,,,,,
272,영주,2026-06-17 06:00,16.8,,,,1.6,,340,,89,,16.9,14.9,989.5,,1014.2,,.3,,,9,,,0,0,,,2555,,,18,,,,,
272,영주,2026-06-17 07:00,19.6,,,,1,,160,,77,,17.5,15.4,989.1,,1013.6,,1,,,9,,,0,0,,,3331,,,22,,,,,
272,영주,2026-06-17 08:00,22.3,,,,.2,,0,,63,,16.9,14.9,988.8,,1013,,1,,,9,,,0,0,,,3944,,,29.3,,,,,
272,영주,2026-06-17 09:00,23.7,,,,1.1,,140,,60,,17.5,15.4,988.6,,1012.7,,1,,,9,,,6,0,,,3825,,,35.3,,,,,
272,영주,2026-06-17 10:00,25.7,,,,1.8,,110,,58,,19.1,16.8,988.6,,1012.5,,.7,,,9,,,7,6,,36,3937,,,42,,,,,
272,영주,2026-06-17 11:00,27.6,,,,1.5,,90,,53,,19.5,17.1,987.9,,1011.6,,.9,,,9,,,1,1,,29,3627,,,49,,,,,
272,영주,2026-06-17 12:00,29.2,,,,1.1,,180,,43,,17.4,15.3,987.2,,1010.7,,1,,,9,,,1,0,,,4029,,,54.2,,,,,
272,영주,2026-06-17 13:00,30.7,,,,1.8,,110,,38,,16.7,14.7,986.6,,1010,,1,,,9,,,5,1,,29,4653,,,56.6,,,,,
272,영주,2026-06-17 14:00,31.1,,,,1,,270,,36,,16.2,14.2,985.4,,1008.7,,.8,,,9,,,1,1,,28,4366,,,56.1,,,,,
272,영주,2026-06-17 15:00,31.5,,,,3,,180,,39,,17.9,15.8,985.1,,1008.4,,1,,,9,,,5,2,,25,4096,,,56.8,,,,,
272,영주,2026-06-17 16:00,30.6,,,,2.1,,200,,40,,17.5,15.4,984.8,,1008.2,,.4,,,9,,,7,7,,23,4479,,,48.8,,,,,
272,영주,2026-06-17 17:00,30.6,,,,2.5,,270,,41,,17.9,15.8,984.3,,1007.7,,.6,,,9,,,6,6,,23,4502,,,46.5,,,,,
272,영주,2026-06-17 18:00,28.9,,,,1.4,,230,,46,,18.3,16.1,984.1,,1007.6,,0,,,9,,,10,7,,24,4930,,,37.2,,,,,
272,영주,2026-06-17 19:00,27.8,,,,1.2,,250,,51,,19,16.7,984.3,,1007.9,,0,,,9,,,10,9,,22,4990,,,33.1,,,,,
272,영주,2026-06-17 20:00,23.4,,.9,,2.9,,250,,75,,21.6,18.7,985.5,,1009.5,,0,,,9,,,10,8,,18,1028,,,25.9,,,,,
272,영주,2026-06-17 21:00,21.7,,2.2,,1.1,,20,,98,,25.3,21.3,985.8,,1010,,,9,,9,,,10,10,,26,1068,,,24.7,,,,,
272,영주,2026-06-17 22:00,21,,.6,,1,,270,,100,,24.7,20.9,986.4,,1010.7,,,9,,9,,,10,5,,4,1869,,,24.2,,,,,
272,영주,2026-06-17 23:00,21.1,,.1,,.5,,270,,100,,24.9,21,986.4,,1010.6,,,9,,9,,,10,10,,2,1914,,,24.2,,,,,
272,영주,2026-06-18 00:00,20.7,,,9,.4,,0,,100,,24.3,20.6,986,,1010.3,,,9,,9,,,9,9,,,3733,,,23.6,,,,,
273,문경,2026-06-17 01:00,19.3,,,,1.3,,320,,78,,17.4,15.3,993.4,,1013.5,,,9,,9,,,0,0,,,5000,,,20.6,,,,,
273,문경,2026-06-17 02:00,18.8,,,,1.3,,320,,79,,17,15,993.2,,1013.3,,,9,,9,,,0,0,,,4991,,,19.9,,,,,
273,문경,2026-06-17 03:00,18.2,,,,0,,0,,82,,17,15,992.8,,1013,,,9,,9,,,0,0,,,4998,,,19.3,,,,,
273,문경,2026-06-17 04:00,17.7,,,,1.1,,320,,84,,16.9,14.9,992.9,,1013.1,,,9,,9,,,0,0,,,4793,,,18.8,,,,,
273,문경,2026-06-17 05:00,17.4,,,,1.3,,320,,86,,17,15,993,,1013.2,,,9,,9,,,0,0,,,4231,,,18.6,,,,,
273,문경,2026-06-17 06:00,17.8,,,,.2,,0,,86,,17.5,15.4,992.9,,1013.1,,0,,,9,,,3,3,,29,3813,,,19.7,,,,,
273,문경,2026-06-17 07:00,20.6,,,,1.1,,90,,76,,18.4,16.2,992.7,,1012.7,,1,,,9,,,0,0,,,4353,,,22.5,,,,,
273,문경,2026-06-17 08:00,22.7,,,,.9,,90,,69,,19,16.7,992.6,,1012.4,,.9,,,9,,,6,0,,,4972,,,27.7,,,,,
273,문경,2026-06-17 09:00,24.1,,,,1.6,,140,,67,,20,17.5,992.7,,1012.4,,.3,,,9,,,7,7,,27,5000,,,31.7,,,,,
273,문경,2026-06-17 10:00,24.8,,,,1.4,,140,,62,,19.4,17,992.6,,1012.3,,0,,,9,,,8,8,,26,4787,,,35,,,,,
273,문경,2026-06-17 11:00,26.9,,,,1.2,,160,,58,,20.5,17.9,991.7,,1011.2,,.9,,,9,,,1,1,,,4977,,,45.2,,,,,
273,문경,2026-06-17 12:00,28.9,,,,1.9,,90,,48,,19,16.7,991.2,,1010.5,,1,,,9,,,0,0,,,5000,,,50,,,,,
273,문경,2026-06-17 13:00,29.8,,,,1.4,,160,,47,,19.6,17.2,990.7,,1010,,1,,,9,,,2,0,,,5000,,,52.7,,,,,
273,문경,2026-06-17 14:00,30.4,,,,2.4,,90,,44,,19,16.7,989.6,,1008.8,,.9,,,9,,,6,2,,39,5000,,,51,,,,,
273,문경,2026-06-17 15:00,31.8,,,,2.1,,140,,40,,18.8,16.5,989.2,,1008.3,,.9,,,9,,,4,4,,45,5000,,,51.8,,,,,
273,문경,2026-06-17 16:00,30.2,,,,1,,90,,45,,19.2,16.9,989,,1008.2,,.3,,,9,,,9,7,,21,5000,,,44.5,,,,,
273,문경,2026-06-17 17:00,29.4,,,,.7,,200,,50,,20.4,17.8,988.3,,1007.5,,0,,,9,,,9,1,,21,5000,,,37.8,,,,,
273,문경,2026-06-17 18:00,22.6,,.5,,1.6,,290,,91,,24.9,21,988.1,,1007.8,,0,,,9,,,10,10,,22,1578,,,29,,,,,
273,문경,2026-06-17 19:00,23.1,,1.4,,2.1,,250,,85,,24,20.4,989.7,,1009.4,,0,,,9,,,10,2,,20,278,,,25.1,,,,,
273,문경,2026-06-17 20:00,21.2,,5.5,,1,,290,,99,,24.9,21,989.7,,1009.6,,0,,,9,,,10,5,,12,1212,,,24.4,,,,,
273,문경,2026-06-17 21:00,20.8,,.4,,.6,,90,,100,,24.4,20.7,989.7,,1009.6,,,9,,9,,,10,4,,9,794,,,23.7,,,,,
273,문경,2026-06-17 22:00,20.8,,2.5,,.2,,0,,100,,24.4,20.7,990.3,,1010.2,,,9,,9,,,10,10,,55,871,,,23.1,,,,,
273,문경,2026-06-17 23:00,20.9,,.9,,.3,,0,,100,,24.6,20.8,989.8,,1009.7,,,9,,9,,,8,5,,7,1353,,,22.8,,,,,
273,문경,2026-06-18 00:00,20.3,,,9,1,,320,,100,,23.7,20.2,989.6,,1009.5,,,9,,9,,,6,4,,,781,,,21.8,,,,,
276,청송군,2026-06-17 01:00,16.3,,,,.6,,180,,93,,17.2,15.1,989.8,,1014.3,,,9,,9,,,0,0,,,2839,,,18.1,,24.6,22.2,25.9,25
276,청송군,2026-06-17 02:00,15.8,,,,.4,,0,,95,,16.9,14.9,989.8,,1014.3,,,9,,9,,,0,0,,,2723,,,17.6,,23.9,21.4,25.2,24.7
276,청송군,2026-06-17 03:00,15.2,,,,.1,,0,,96,,16.5,14.5,989.5,,1014.1,,,9,,9,,,0,0,,,2052,,,17,,23.4,20.7,24.7,24.5
276,청송군,2026-06-17 04:00,14.7,,,,.1,,0,,98,,16.3,14.3,989.3,,1013.9,,,9,,9,,,0,0,,,1886,,,16.3,,22.9,20.4,24.7,24.2
276,청송군,2026-06-17 05:00,14.4,,,,.6,,250,,99,,16.2,14.2,989.5,,1014.1,,,9,,9,,,0,0,,,1703,,,16.1,,22.5,19.7,24.1,23.9
276,청송군,2026-06-17 06:00,14.6,,,,.1,,0,,99,,16.4,14.4,989.6,,1014.2,,.2,,.1,,,,0,0,,,1679,,,17.1,,22.4,20.5,24.7,23.6
276,청송군,2026-06-17 07:00,17.6,,,,1.4,,70,,87,,17.5,15.4,989.2,,1013.5,,.7,,.68,,,,7,7,,9,2619,,,23.2,,22.1,20.8,23.5,23.4
276,청송군,2026-06-17 08:00,20,,,,.9,,90,,79,,18.4,16.2,988.8,,1012.9,,.1,,.83,,,,9,9,,9,3911,,,27.2,,22.6,22.5,23.4,23.3
276,청송군,2026-06-17 09:00,23.4,,,,1.3,,90,,68,,19.5,17.1,988.5,,1012.3,,.2,,1.27,,,,10,7,,10,4303,,,31.7,,23.5,24.7,23.4,23.3
276,청송군,2026-06-17 10:00,27.4,,,,2.7,,110,,54,,19.6,17.2,987.9,,1011.3,,.8,,2.48,,,,1,1,,12,4580,,,43.2,,24.9,28.1,23.7,23.4
276,청송군,2026-06-17 11:00,29,,,,1.5,,50,,46,,18.4,16.2,987.4,,1010.7,,1,,3.33,,,,4,0,,,4801,,,51.1,,27,31.9,24.3,23.7
276,청송군,2026-06-17 12:00,31,,,,1.8,,140,,40,,17.9,15.8,986.5,,1009.6,,1,,3.57,,,,4,2,,,4740,,,55.4,,29.1,34.8,24.8,24.2
276,청송군,2026-06-17 13:00,31.6,,,,2.6,,90,,42,,19.5,17.1,985.9,,1008.9,,.8,,3.32,,,,6,1,,6,4523,,,51.8,,31.1,37.3,26.3,24.7
276,청송군,2026-06-17 14:00,31.9,,,,3.5,,140,,49,,23.1,19.8,985.5,,1008.5,,.5,,2.71,,,,8,8,,7,3746,,,52.9,,32,37.7,27.3,25.2
276,청송군,2026-06-17 15:00,30,,0,,2.7,,140,,56,,23.7,20.2,985.5,,1008.6,,.2,,1.34,,,,7,7,,8,2700,,,43.6,,32.2,35.8,28.1,25.7
276,청송군,2026-06-17 16:00,30.8,,,9,4.2,,140,,50,,22.1,19.1,984.4,,1007.5,,.8,,2.22,,,,1,1,,4,4205,,,45.1,,32.3,36.2,28.5,26.1
276,청송군,2026-06-17 17:00,30,,,9,2.5,,140,,55,,23.2,19.9,984.4,,1007.5,,.4,,1.14,,,,6,4,,5,3955,,,39.5,,32.2,34.8,28.9,26.4
276,청송군,2026-06-17 18:00,28.4,,,9,3.2,,140,,62,,24,20.4,984.4,,1007.6,,.1,,.55,,,,7,6,,5,4009,,,34.8,,31.5,32.8,28.9,26.5
276,청송군,2026-06-17 19:00,27.1,,,9,2.1,,140,,67,,24,20.4,984.9,,1008.3,,0,,.14,,,,9,9,,10,3665,,,31.1,,30.7,31,28.9,26.6
276,청송군,2026-06-17 20:00,26,,0,,2.2,,140,,71,,23.8,20.3,984.9,,1008.4,,0,,.01,,,,10,6,,6,3711,,,28.8,,29.8,29.4,28.2,26.6
276,청송군,2026-06-17 21:00,23.1,,.3,,1.6,,270,,89,,25,21.1,986,,1009.7,,,9,,9,,,10,4,,2,2182,,,25.2,,29.2,28.3,28.4,26.5
276,청송군,2026-06-17 22:00,21.4,,.4,,1.6,,290,,96,,24.4,20.7,986.5,,1010.4,,,9,,9,,,10,6,,3,3006,,,23.4,,28.2,26.6,27.8,26.3
276,청송군,2026-06-17 23:00,21.1,,8.4,,1,,250,,100,,24.9,21,985.9,,1009.8,,,9,,9,,,10,3,,7,817,,,23.1,,27.1,24.6,27.2,26.1
276,청송군,2026-06-18 00:00,21.1,,6.9,,.7,,90,,100,,24.9,21,986.3,,1010.2,,,9,,9,,,10,2,,,78,,,22.3,,25.2,22.9,25.6,25.8
277,영덕,2026-06-17 01:00,17.6,,,,.7,,160,,97,,19.5,17.1,1009.6,,1014.4,,,9,,9,,,0,0,,,707,,,20.9,,,,,
277,영덕,2026-06-17 02:00,17.4,,,,1.4,,180,,98,,19.4,17,1009.6,,1014.4,,,9,,9,,,1,1,,,838,,,20.5,,,,,
277,영덕,2026-06-17 03:00,17.1,,,,1.6,,180,,98,,19,16.7,1009.2,,1014,,,9,,9,,,0,0,,,696,,,20,,,,,
277,영덕,2026-06-17 04:00,16.9,,,,1.3,,180,,98,,18.8,16.5,1008.9,,1013.7,,,9,,9,,,0,0,,,756,,,19.6,,,,,
277,영덕,2026-06-17 05:00,17,,,,1.2,,160,,98,,18.9,16.6,1008.7,,1013.5,,,9,,9,,,0,0,,,626,,,19.3,,,,,
277,영덕,2026-06-17 06:00,17.4,,,,1.7,,160,,97,,19.2,16.9,1008.8,,1013.6,,.4,,,9,,,0,0,,,1507,,,19.6,,,,,
277,영덕,2026-06-17 07:00,20,,,,1.2,,180,,87,,20.2,17.7,1008.6,,1013.4,,1,,,9,,,0,0,,,3019,,,21.8,,,,,
277,영덕,2026-06-17 08:00,23.9,,,,1.7,,180,,65,,19.2,16.9,1008.4,,1013.1,,1,,,9,,,6,2,,30,4938,,,28.3,,,,,
277,영덕,2026-06-17 09:00,23.6,,,,2.7,,160,,68,,19.7,17.3,1008.7,,1013.4,,.3,,,9,,,9,9,,36,3086,,,32.3,,,,,
277,영덕,2026-06-17 10:00,25,,,,3.1,,140,,68,,21.4,18.6,1008.2,,1012.9,,.9,,,9,,,4,4,,35,3956,,,37.5,,,,,
277,영덕,2026-06-17 11:00,26.5,,,,1.6,,180,,62,,21.4,18.6,1007.8,,1012.4,,1,,,9,,,7,0,,,4404,,,43,,,,,
277,영덕,2026-06-17 12:00,27.1,,,,2.4,,110,,62,,22.1,19.1,1007.6,,1012.2,,1,,,9,,,5,1,,69,3710,,,44.3,,,,,
277,영덕,2026-06-17 13:00,25.9,,,,2.8,,160,,67,,22.2,19.2,1007.3,,1011.9,,1,,,9,,,7,2,,67,3603,,,46.8,,,,,
277,영덕,2026-06-17 14:00,24.4,,,,4.1,,160,,73,,22.2,19.2,1006.9,,1011.6,,1,,,9,,,7,2,,29,4226,,,46.2,,,,,
277,영덕,2026-06-17 15:00,25.2,,,,3.6,,140,,70,,22.4,19.3,1006.4,,1011.1,,.8,,,9,,,6,1,,30,4279,,,44.3,,,,,
277,영덕,2026-06-17 16:00,24.3,,,,4.1,,160,,75,,22.7,19.5,1006,,1010.7,,1,,,9,,,3,0,,,4584,,,43,,,,,
277,영덕,2026-06-17 17:00,23.9,,,,1.9,,140,,76,,22.5,19.4,1005.5,,1010.2,,.8,,,9,,,4,0,,,4610,,,38,,,,,
277,영덕,2026-06-17 18:00,22.9,,,,2,,140,,80,,22.2,19.2,1005,,1009.7,,.4,,,9,,,4,4,,26,4477,,,32.9,,,,,
277,영덕,2026-06-17 19:00,22.4,,,,1.7,,180,,82,,22.1,19.1,1005.2,,1009.9,,0,,,9,,,6,6,,43,4585,,,29.6,,,,,
277,영덕,2026-06-17 20:00,22.4,,,,1.6,,180,,82,,22.1,19.1,1005.1,,1009.8,,0,,,9,,,9,9,,36,4873,,,27.5,,,,,
277,영덕,2026-06-17 21:00,22.3,,,,1.5,,200,,82,,22,19,1005.2,,1009.9,,,9,,9,,,10,10,,21,4851,,,26.5,,,,,
277,영덕,2026-06-17 22:00,21.8,,0,,1.4,,160,,86,,22.4,19.3,1005.6,,1010.3,,,9,,9,,,10,1,,13,4777,,,25.8,,,,,
277,영덕,2026-06-17 23:00,20.9,,6.6,,2,,180,,97,,23.8,20.3,1005.9,,1010.6,,,9,,9,,,10,4,,11,962,,,23.9,,,,,
277,영덕,2026-06-18 00:00,20.7,,5.6,,1.7,,160,,98,,23.8,20.3,1005.4,,1010.1,,,9,,9,,,10,10,,,1016,,,23.3,,,,,
278,의성,2026-06-17 01:00,18.2,,,,.1,,0,,83,,17.3,15.2,1003.6,,1013.2,,,9,,9,,,0,0,,,4502,,,21.7,,,,,
278,의성,2026-06-17 02:00,17.5,,,,.2,,0,,88,,17.5,15.4,1003.6,,1013.2,,,9,,9,,,0,0,,,4088,,,21,,,,,
278,의성,2026-06-17 03:00,17.1,,,,.2,,0,,90,,17.5,15.4,1003.3,,1012.9,,,9,,9,,,0,0,,,3860,,,20.5,,,,,
278,의성,2026-06-17 04:00,16.5,,,,.3,,0,,93,,17.4,15.3,1003.2,,1012.8,,,9,,9,,,0,0,,,3179,,,20,,,,,
278,의성,2026-06-17 05:00,16.4,,,,.1,,0,,93,,17.3,15.2,1003.3,,1012.9,,,9,,9,,,0,0,,,3291,,,19.6,,,,,
278,의성,2026-06-17 06:00,17,,,,.1,,0,,92,,17.7,15.6,1003.4,,1013,,0,,,9,,,0,0,,,2879,,,19.6,,,,,
278,의성,2026-06-17 07:00,18.6,,,,.2,,0,,84,,17.9,15.8,1002.9,,1012.4,,.4,,,9,,,7,2,,62,2973,,,21.7,,,,,
278,의성,2026-06-17 08:00,22.6,,,,.6,,180,,69,,18.9,16.6,1002.8,,1012.2,,.7,,,9,,,8,8,,35,4511,,,27.2,,,,,
278,의성,2026-06-17 09:00,25.9,,,,.9,,200,,60,,20,17.5,1002.5,,1011.8,,.7,,,9,,,8,7,,28,5000,,,32.5,,,,,
278,의성,2026-06-17 10:00,26.9,,,,1.9,,320,,55,,19.4,17,1002.1,,1011.3,,.9,,,9,,,6,2,,30,5000,,,37,,,,,
278,의성,2026-06-17 11:00,28.5,,,,1,,70,,49,,19,16.7,1001.3,,1010.5,,1,,,9,,,0,0,,,5000,,,42.7,,,,,
278,의성,2026-06-17 12:00,31.1,,,,1.7,,270,,42,,18.9,16.6,1000.7,,1009.8,,1,,,9,,,1,0,,,5000,,,46.9,,,,,
278,의성,2026-06-17 13:00,32.4,,,,1.7,,270,,38,,18.4,16.2,999.7,,1008.7,,1,,,9,,,2,2,,53,5000,,,49.3,,,,,
278,의성,2026-06-17 14:00,32.7,,,,2,,200,,37,,18.3,16.1,999.3,,1008.3,,.4,,,9,,,9,9,,21,5000,,,46.4,,,,,
278,의성,2026-06-17 15:00,31.7,,,,2.4,,200,,43,,20,17.5,998.9,,1007.9,,.3,,,9,,,7,1,,20,4825,,,43.6,,,,,
278,의성,2026-06-17 16:00,32.5,,,,1.6,,230,,42,,20.5,17.9,998.1,,1007.1,,.7,,,9,,,5,1,,18,4974,,,42.6,,,,,
278,의성,2026-06-17 17:00,31.3,,,,2.2,,200,,46,,20.9,18.2,997.9,,1007,,.2,,,9,,,8,8,,21,4993,,,38.7,,,,,
278,의성,2026-06-17 18:00,30.3,,,,1.3,,180,,51,,22,19,997.6,,1006.7,,0,,,9,,,7,7,,29,4718,,,35.4,,,,,
278,의성,2026-06-17 19:00,29.5,,,,1.1,,180,,54,,22.2,19.2,998.2,,1007.3,,0,,,9,,,10,2,,17,4042,,,32.8,,,,,
278,의성,2026-06-17 20:00,27.5,,0,,1.9,,200,,60,,22,19,998.9,,1008.1,,0,,,9,,,10,9,,16,5000,,,30.9,,,,,
278,의성,2026-06-17 21:00,25.4,,0,,1.7,,320,,73,,23.7,20.2,999.9,,1009.2,,,9,,9,,,10,10,,12,4932,,,29.3,,,,,
278,의성,2026-06-17 22:00,22.6,,4.4,,.6,,50,,99,,27.1,22.4,1000.3,,1009.7,,,9,,9,,,10,2,,15,2630,,,26.1,,,,,
278,의성,2026-06-17 23:00,22.7,,.5,,.8,,340,,100,,27.4,22.6,1000.3,,1009.7,,,9,,9,,,10,4,,2,2660,,,25.3,,,,,
278,의성,2026-06-18 00:00,22.6,,0,,1,,180,,95,,26,21.7,999.5,,1008.9,,,9,,9,,,10,5,,,2706,,,24.5,,,,,
279,구미,2026-06-17 01:00,24.2,,,,2.9,,140,,62,,18.6,16.4,1007.5,,1013.1,,,9,,9,,,0,0,,,5000,,,24.4,,,,,
279,구미,2026-06-17 02:00,21.6,,,,1.4,,290,,74,,19,16.7,1007.4,,1013.1,,,9,,9,,,0,0,,,5000,,,23.3,,,,,
279,구미,2026-06-17 03:00,21,,,,1.1,,290,,77,,19.1,16.8,1007.3,,1013,,,9,,9,,,0,0,,,5000,,,22.5,,,,,
279,구미,2026-06-17 04:00,20.1,,,,1.1,,290,,81,,19,16.7,1007.1,,1012.8,,,9,,9,,,0,0,,,4933,,,21.8,,,,,
279,구미,2026-06-17 05:00,19.8,,,,1.2,,270,,83,,19.1,16.8,1007.3,,1013,,,9,,9,,,2,0,,,4439,,,21.2,,,,,
279,구미,2026-06-17 06:00,20.7,,,,.7,,290,,81,,19.7,17.3,1007.3,,1013,,.1,,.07,,,,6,6,,26,4750,,,22.1,,,,,
279,구미,2026-06-17 07:00,22.4,,,,.4,,0,,72,,19.4,17,1007.1,,1012.8,,0,,.38,,,,8,8,,26,4747,,,24.7,,,,,
279,구미,2026-06-17 08:00,23.6,,,,1.1,,90,,65,,18.9,16.6,1007.1,,1012.8,,.1,,.72,,,,9,8,,26,4972,,,28,,,,,
279,구미,2026-06-17 09:00,25.3,,,,.3,,0,,60,,19.2,16.9,1007.1,,1012.7,,0,,.92,,,,8,8,,25,4275,,,30.8,,,,,
279,구미,2026-06-17 10:00,27.1,,,,1.5,,90,,53,,18.9,16.6,1006.3,,1011.9,,.6,,2.27,,,,4,4,,32,4957,,,40.2,,,,,
279,구미,2026-06-17 11:00,29.8,,,,1.4,,70,,47,,19.6,17.2,1006,,1011.5,,1,,3.11,,,,3,0,,,4982,,,47.2,,,,,
279,구미,2026-06-17 12:00,31.2,,,,1.6,,70,,42,,19,16.7,1005.2,,1010.7,,1,,3.45,,,,3,1,,,5000,,,52,,,,,
279,구미,2026-06-17 13:00,31.5,,,,2.7,,90,,39,,17.9,15.8,1004.1,,1009.6,,1,,3.49,,,,2,2,,34,5000,,,54.8,,,,,
279,구미,2026-06-17 14:00,30.9,,,,2.3,,160,,43,,19.1,16.8,1003.7,,1009.2,,.4,,2.21,,,,8,2,,17,5000,,,48,,,,,
279,구미,2026-06-17 15:00,31,,,,2.8,,250,,45,,20.1,17.6,1003.4,,1008.9,,.3,,1.94,,,,6,1,,25,5000,,,46.8,,,,,
279,구미,2026-06-17 16:00,31.1,,,,2.1,,160,,43,,19.4,17,1002.6,,1008.1,,.6,,1.85,,,,5,1,,18,5000,,,44.6,,,,,
279,구미,2026-06-17 17:00,31.2,,,,1.1,,230,,43,,19.5,17.1,1002.2,,1007.7,,.3,,.85,,,,6,3,,21,5000,,,40.5,,,,,
279,구미,2026-06-17 18:00,29.9,,,,1.7,,230,,47,,19.7,17.3,1002.4,,1007.9,,0,,.53,,,,7,2,,27,5000,,,36.6,,,,,
279,구미,2026-06-17 19:00,29.1,,0,,2.3,,140,,51,,20.5,17.9,1002.8,,1008.3,,0,,.09,,,,10,4,,19,4961,,,33.3,,,,,
279,구미,2026-06-17 20:00,27.7,,0,,1.7,,160,,56,,20.8,18.1,1003.4,,1009,,0,,0,,,,10,9,,17,3821,,,31.3,,,,,
279,구미,2026-06-17 21:00,23.7,,.3,,.8,,290,,87,,25.5,21.4,1004.1,,1009.7,,,9,,9,,,10,10,,16,4307,,,27.5,,,,,
279,구미,2026-06-17 22:00,23.9,,,9,1,,270,,87,,25.6,21.5,1004.6,,1010.2,,,9,,9,,,10,4,,15,4401,,,26.2,,,,,
279,구미,2026-06-17 23:00,23.4,,0,,.3,,0,,88,,25.2,21.2,1004.2,,1009.8,,,9,,9,,,10,3,,11,2704,,,25.6,,,,,
279,구미,2026-06-18 00:00,23.2,,0,,.3,,0,,88,,24.9,21,1003.9,,1009.6,,,9,,9,,,8,1,,,4166,,,24.7,,,,,
281,영천,2026-06-17 01:00,19.7,,,,.8,,70,,85,,19.5,17.1,1003.5,,1014.7,,,9,,9,,,0,0,,,3259,,,20,,,,,
281,영천,2026-06-17 02:00,19,,,,.5,,90,,90,,19.7,17.3,1003.3,,1014.5,,,9,,9,,,0,0,,,3002,,,19.5,,,,,
281,영천,2026-06-17 03:00,18.6,,,,.4,,0,,92,,19.6,17.2,1002.9,,1014.2,,,9,,9,,,0,0,,,2629,,,18.9,,,,,
281,영천,2026-06-17 04:00,18.1,,,,.9,,70,,94,,19.5,17.1,1002.5,,1013.8,,,9,,9,,,0,0,,,2569,,,18.5,,,,,
281,영천,2026-06-17 05:00,17.2,,,,.1,,0,,95,,18.5,16.3,1002.4,,1013.7,,,9,,9,,,0,0,,,2528,,,17.6,,,,,
281,영천,2026-06-17 06:00,18.1,,,,.4,,0,,92,,19,16.7,1002.6,,1013.9,,.5,,,9,,,0,0,,,2184,,,18.7,,,,,
281,영천,2026-06-17 07:00,19.9,,,,.5,,180,,82,,19,16.7,1002.6,,1013.8,,1,,,9,,,0,0,,,3196,,,22.5,,,,,
281,영천,2026-06-17 08:00,22.2,,,,.3,,0,,74,,19.7,17.3,1002.4,,1013.5,,.4,,,9,,,6,6,,34,3152,,,28,,,,,
281,영천,2026-06-17 09:00,23.9,,,,2.2,,110,,69,,20.4,17.8,1002.5,,1013.5,,.2,,,9,,,6,6,,7,1834,,,32.1,,,,,
281,영천,2026-06-17 10:00,25.2,,,,1.5,,70,,64,,20.4,17.8,1001.5,,1012.5,,.8,,,9,,,5,2,,75,2387,,,40.7,,,,,
281,영천,2026-06-17 11:00,27.2,,,,1.3,,320,,59,,21.2,18.4,1001.6,,1012.5,,1,,,9,,,8,2,,64,2022,,,41.5,,,,,
281,영천,2026-06-17 12:00,28.6,,,,.7,,20,,54,,21,18.3,1001.3,,1012.1,,1,,,9,,,8,3,,23,3279,,,45.9,,,,,
281,영천,2026-06-17 13:00,29.5,,,,2.5,,180,,51,,20.9,18.2,1000.5,,1011.3,,1,,,9,,,8,1,,17,3902,,,49.6,,,,,
281,영천,2026-06-17 14:00,29.6,,,,2.7,,140,,50,,20.6,18,999.8,,1010.6,,.8,,,9,,,7,1,,14,4777,,,49.1,,,,,
281,영천,2026-06-17 15:00,29.7,,,,1.3,,160,,51,,21.2,18.4,999.6,,1010.4,,.3,,,9,,,6,2,,14,4378,,,45.6,,,,,
281,영천,2026-06-17 16:00,30.1,,,,2.4,,140,,53,,22.5,19.4,998.5,,1009.2,,.9,,,9,,,4,1,,17,3812,,,46.8,,,,,
281,영천,2026-06-17 17:00,29.4,,,,2.1,,140,,57,,23.2,19.9,998,,1008.8,,.5,,,9,,,6,6,,13,3975,,,38.5,,,,,
281,영천,2026-06-17 18:00,28.8,,,,2.2,,90,,58,,22.9,19.7,998.1,,1008.9,,.4,,,9,,,8,4,,16,4938,,,35.2,,,,,
281,영천,2026-06-17 19:00,27.4,,,,2.1,,140,,63,,22.9,19.7,998.7,,1009.5,,0,,,9,,,8,8,,14,4549,,,31.1,,,,,
281,영천,2026-06-17 20:00,26.1,,,,1.1,,160,,66,,22.2,19.2,998.9,,1009.8,,0,,,9,,,8,1,,15,4863,,,28.3,,,,,
281,영천,2026-06-17 21:00,25.7,,,,.5,,110,,68,,22.4,19.3,999.4,,1010.3,,,9,,9,,,8,1,,17,4987,,,27,,,,,
281,영천,2026-06-17 22:00,25.7,,,,1.3,,250,,64,,21,18.3,999.5,,1010.4,,,9,,9,,,8,7,,26,5000,,,25.9,,,,,
281,영천,2026-06-17 23:00,25.3,,,,1,,230,,63,,20.2,17.7,999.3,,1010.2,,,9,,9,,,8,2,,14,5000,,,25.3,,,,,
281,영천,2026-06-18 00:00,24.6,,,,.9,,230,,68,,20.9,18.2,999.2,,1010.2,,,9,,9,,,6,5,,14,5000,,,24.6,,,,,
283,경주시,2026-06-17 01:00,19.3,,,,.9,,180,,87,,19.4,17,1010.1,,1014.8,,,9,,9,,,0,0,,,1932,,,21.1,,24.3,25.9,26.1,25.2
283,경주시,2026-06-17 02:00,19.4,,,,.2,,0,,88,,19.7,17.3,1009.8,,1014.5,,,9,,9,,,8,8,,9,2330,,,21.1,,23.7,25.4,25.6,25.2
283,경주시,2026-06-17 03:00,18.9,,,,.1,,0,,92,,20,17.5,1009.4,,1014.1,,,9,,9,,,0,0,,,1963,,,20,,23.3,25,25.2,25
283,경주시,2026-06-17 04:00,18.1,,,,.7,,50,,94,,19.5,17.1,1009,,1013.7,,,9,,9,,,0,0,,,1789,,,19.4,,22.7,24.5,24.8,24.9
283,경주시,2026-06-17 05:00,17.9,,,,.3,,0,,95,,19.4,17,1008.9,,1013.6,,,9,,9,,,0,0,,,1337,,,19.1,,22.3,24.1,24.4,24.7
283,경주시,2026-06-17 06:00,18.7,,,,.3,,0,,93,,20,17.5,1009,,1013.7,,.3,,.11,,,,0,0,,,1287,,,19.7,,22,23.8,24,24.7
283,경주시,2026-06-17 07:00,19.8,,,,.4,,0,,89,,20.5,17.9,1009.2,,1013.9,,0,,.26,,,,8,8,,2,1454,,,22.1,,22.3,23.6,23.8,24.5
283,경주시,2026-06-17 08:00,20.9,,,,.5,,50,,84,,20.6,18,1009.2,,1013.9,,0,,.42,,,,9,9,,2,1610,,,24.1,,23,23.6,23.8,24.4
283,경주시,2026-06-17 09:00,22.9,,,,1.1,,50,,74,,20.6,18,1008.9,,1013.5,,.1,,.91,,,,6,6,,2,1783,,,28.7,,23.9,23.9,23.8,24.3
283,경주시,2026-06-17 10:00,26,,,,1.2,,50,,66,,22.1,19.1,1007.9,,1012.5,,1,,2.37,,,,8,0,,,2360,,,35.4,,27.1,24.6,24.2,24.2
283,경주시,2026-06-17 11:00,26.3,,,,1.5,,20,,65,,22.1,19.1,1008,,1012.6,,1,,2.41,,,,9,1,,19,2357,,,38.8,,29.6,25.9,25.1,24.1
283,경주시,2026-06-17 12:00,28.3,,,,1.3,,360,,59,,22.7,19.5,1007.8,,1012.3,,.9,,2.56,,,,9,1,,17,2440,,,41.6,,31.5,27.2,26,24.1
283,경주시,2026-06-17 13:00,28.5,,,,4.6,,180,,61,,23.7,20.2,1006.9,,1011.4,,.2,,2.04,,,,9,4,,3,2515,,,39.7,,32.2,28.3,27,24.2
283,경주시,2026-06-17 14:00,29,,,,4.1,,200,,58,,23.1,19.8,1006.5,,1011,,.8,,2.48,,,,7,4,,8,2497,,,42.4,,32.9,29,27.8,24.2
283,경주시,2026-06-17 15:00,29.7,,,,4.3,,180,,56,,23.2,19.9,1006.4,,1010.9,,1,,2.81,,,,7,1,,20,2936,,,44.2,,34,29.8,28.5,24.4
283,경주시,2026-06-17 16:00,30.1,,,,4.8,,200,,56,,23.8,20.3,1005.2,,1009.7,,1,,2.63,,,,3,1,,8,3535,,,43.5,,34.7,30.6,29.2,24.6
283,경주시,2026-06-17 17:00,28.9,,,,5,,180,,59,,23.4,20,1004.8,,1009.3,,1,,1.91,,,,3,0,,,3537,,,40.1,,34.1,31.1,29.8,24.7
283,경주시,2026-06-17 18:00,27.8,,,,4.1,,180,,63,,23.5,20.1,1004.8,,1009.3,,.6,,1,,,,8,4,,10,3460,,,34.6,,32.7,31,30,25
283,경주시,2026-06-17 19:00,26,,,,4.1,,180,,68,,22.8,19.6,1005.4,,1010,,0,,.28,,,,9,5,,4,3742,,,31,,31.2,30.5,29.8,25.2
283,경주시,2026-06-17 20:00,24.6,,,,3.5,,180,,74,,22.8,19.6,1005.7,,1010.3,,0,,.03,,,,8,8,,4,2987,,,28.3,,29.7,29.8,29.3,25.3
283,경주시,2026-06-17 21:00,24,,,,3.4,,180,,77,,22.9,19.7,1005.8,,1010.4,,,9,,9,,,8,8,,6,3380,,,26.8,,28.6,29,28.7,25.5
283,경주시,2026-06-17 22:00,23.7,,,,2.1,,180,,78,,22.8,19.6,1006,,1010.6,,,9,,9,,,7,7,,8,3524,,,25.9,,27.7,28.4,28.2,25.5
283,경주시,2026-06-17 23:00,23.7,,,,.4,,0,,78,,22.8,19.6,1005.6,,1010.2,,,9,,9,,,8,8,,6,3286,,,25.5,,27,27.8,27.6,25.5
283,경주시,2026-06-18 00:00,23.5,,,,.5,,160,,79,,22.8,19.6,1005.8,,1010.4,,,9,,9,,,6,6,,7,3332,,,24.9,,26.5,27.3,27.2,25.5
